id,company,position,salary,city,remark,score,time,number
1,上海联影医疗,应用软件岗位,14w,上海,10*14大概就是这个价,20,"2016-10-27 02:49:54",3827
2,华为,客户经理,24w,深圳,15*16，这个一般的offer吧。,25,"2016-10-27 02:50:30",1776
3,当当,C++开发工程师,20w,北京,"待遇13K，C++开发，主要做广告和搜索业务方向 ",9,"2016-10-27 02:51:13",970
4,中兴,无线基带开发,15w,深圳,"待遇10K，无线部门，应该是做基带开发方向，算上奖金刚开始可能年薪15W左右吧 ",13,"2016-10-27 02:51:49",1139
5,宁波银行,总行定向生,14w,宁波,这个工资包括所有福利了，因年终奖不定，14W上下一两万浮动,6,"2016-10-27 02:52:37",994
6,招联金融,研发工程师,18~19W,深圳,10.8k*17,9,"2016-10-27 02:53:07",583
7,招银网络科技,软件研发岗位,24w-27w,杭州,10*24-27包括所有福利和公司公积金,53,"2016-10-27 02:53:54",2645
8,华为,存储工程师,28w,深圳,"18kx16 special",11,"2016-10-27 02:54:30",583
9,招商银行信用卡中心,研发岗位,20w,上海,银行打包价格，今年可能多了一两万,5,"2016-10-27 02:55:08",1180
10,人人网,软件研发,13.6w-18w,武汉,"渣渣offer,9*14-20，有人拿12*14-20",2,"2016-10-27 02:55:58",936
11,华硕,软件研发,14w,苏州,10*14,3,"2016-10-27 02:56:26",523
12,微店,研发工程师,21w,北京,14*15，比较好的,7,"2016-10-27 02:56:58",4379
13,腾讯,研发工程师,20-22w,深圳,"本科大概11.5*16，硕士月薪多一千多，有住房补贴 ",25,"2016-10-27 02:57:27",2215
16,中电28所,研发工程师,15-20w,南京,给985的基本是15-20w，年薪属于打包价格，比较看重学历，在南京，加班多，不过前景好，部门扩张挺快，面试老师也不错,30,"2016-10-27 03:01:27",1828
17,宁波银行科技部,研发岗位,13-16w,宁波,打包价格，大概13-16左右，待遇还行，在宁波可以过得不错了。,16,"2016-10-27 03:02:14",3272
18,浙商银行信息科技部,研发岗位,19-20w,杭州,"各种打包加福利一起20w左右，月到手有8千左右，其余都是年终奖跟过节费 ",4,"2016-10-27 03:02:56",845
19,科大讯飞,软件开发,13W,合肥,一般的offer,13,"2016-10-27 03:03:30",1374
20,海康威视,软件开发,15W,杭州,一般的offer,33,"2016-10-27 03:03:56",2747
21,菜鸟网络,研发工程师,20w,杭州,"批发价，13*15，不过貌似几年以后有期权，前景不错 ",6,"2016-10-27 03:04:26",994
22,京东,研发工程师,22.5w,北京,"15*15，比较好的offer，其他待遇不清楚 ",-1,"2016-10-27 03:04:56",308
23,百度,算法工程师,28w,北京,大概是20*14.6的水平，special,6,"2016-10-27 03:05:23",1146
24,华为,大数据研发工程师,28.8w,深圳,"比较好的special，18*16水平，年终奖四个月，住房公积金不清楚，希望有人来爆料哈 ",7,"2016-10-27 03:05:55",773
25,华为,IT应用研发工程师,25w,杭州,"一般的special，16*16，四个月年终奖，C7计算机学院批发价 ",41,"2016-10-27 03:06:19",3304
26,华为,研发工程师,20w,武汉,二线城市比较好的special，14*16，大概20w左右,5,"2016-10-27 03:07:18",947
27,华为,研发工程师,20w,南京,南研所的，少数是14*16，个别18*16的，我的是一般offer,11,"2016-10-27 12:35:13",6995
28,华为,产品行销经理,19.6-22.4w,深圳,14*14-14*16，不知道是不是special，身边有比我高的,8,"2016-10-27 12:37:14",1785
29,华为,研发工程师,16.8-19.2w,西安,12*14-12*16，西安这边的，一般的offer，近批发价吧，不过感觉在西安还可以过下去。。。,9,"2016-10-27 12:41:23",701
30,大华,软件测试,8k*16-18,杭州,硕士，打包价,7,"2016-10-27 12:51:17",686
31,携程,安卓开发,22.5,上海市,"实习留用 ",5,"2016-10-27 12:51:39",512
32,新华三,软件开发和测试,15w左右,杭州,11*12，年终奖不定0-6个月，公积金交12%，基数是9500,19,"2016-10-27 12:51:55",1600
33,同花顺,开发工程师,20W左右,杭州,"13k*12 + 1~5个月年终奖",2,"2016-10-27 13:29:01",494
34,同花顺,java开发,13w-17w,杭州,"免费午晚餐 13w-17w（10k/月，1-5个月年终）",10,"2016-10-27 13:32:18",766
35,大华,软件开发,12W左右,杭州,本科研发，7K基本工资，公积金12%，补贴5-600左右，一共16-18月,6,"2016-10-27 13:40:34",657
36,滴滴,开发工程师,22W,杭州,"硕士15K * 15",12,"2016-10-27 13:42:13",1495
37,TP-LINK,软件工程师,32W,深圳或杭州,special，硕士C7且本科C9或部分985，20×16,20,"2016-10-27 13:59:29",1214
38,华为,硬件工程师,18w,武汉,"普通offer      12k*14-12k*16.    就想留武汉，感觉普通offer也还行吧",12,"2016-10-27 14:01:29",1135
39,斐讯,软件开发,19.6W,上海,14*14，研究生，985的可能达到16k，研究生提供住房，单间400,2,"2016-10-27 14:48:22",667
40,百度,研发工程师,20万,北京,批发价,25,"2016-10-27 14:56:29",1492
41,微软,研发工程师,19.1w,苏州,实习转正打包价，貌似今年偏低，哎,163,"2016-10-27 15:04:44",9932
42,拼多多,研发工程师,30-35w,上海,special，经常加班，包吃住貌似，sp可以谈薪水哈,9,"2016-10-27 15:08:35",761
43,猿题库,服务器开发工程师,13*20,北京,白菜价,5,"2016-10-27 15:57:37",655
44,腾讯,java开发,21.5,北京,,8,"2016-10-27 15:57:51",641
45,今日头条,前端,31.5,北京,"package 白菜价",-1,"2016-10-27 16:04:09",138
46,北京智眸科技有限公司,图像算法工程师,19.5-24w,北京,"15*13~15*16 创业公司，这个价格还可以吧",3,"2016-10-27 16:07:21",212
47,腾讯,算法工程师,24w,北京,,7,"2016-10-27 16:11:53",671
48,百度,机器学习工程师,24.8w,北京,sp,6,"2016-10-27 16:12:28",4584
49,京东,算法工程师,26w,北京,,10,"2016-10-27 16:12:46",481
50,蚂蚁金服,算法工程师,25.6w,上海,,8,"2016-10-27 16:13:18",3767
51,华为,云计算开发工程师,32w,北京,,11,"2016-10-27 16:13:46",762
52,微软ASG,SDE,30w,北京,package,4,"2016-10-27 16:14:11",990
53,滴滴,后台研发工程师,35w,北京,新锐,-1,"2016-10-27 16:14:38",110
54,今日头条,后台开发工程师,28w,北京,批发,9,"2016-10-27 16:15:00",878
55,百度,后台研发工程师,22w,北京,批发,-1,"2016-10-27 16:16:14",123
56,搜狐焦点,算法工程师,25w,北京,18*14,10,"2016-10-27 16:17:13",457
57,"Morgan Stanley","Application Development",20w,上海,批发价,2,"2016-10-27 16:18:02",988
58,一点资讯,后台研发,28-39.6w,北京,22*14-22*18,4,"2016-10-27 16:18:43",3291
59,华为,研究员,70w,北京,"17级博士,超级ssp",-1,"2016-10-27 16:19:35",135
60,网易乐得电商,Java研发,28.9w,北京,"SP,17*17",8,"2016-10-27 16:19:54",568
61,Google,SDE,26w,北京,,-1,"2016-10-27 16:20:15",484
62,完美世界,Java工程师,25.2-32.4w,北京,"18*14 ~ 18 * 18 sp价格",-1,"2016-10-27 16:26:15",514
63,网易乐得,Java研发工程师,25,北京,批发价15×17,7,"2016-10-27 16:28:47",612
64,网易游戏,研发工程师,32.8w,杭州,20.5*16,33,"2016-10-27 16:34:44",2565
65,百度外卖,安卓开发,21.9万,北京,前端14k每月,4,"2016-10-27 16:38:19",497
66,百度,研发,23w,北京,"普通sp  16*14.6",5,"2016-10-27 16:39:04",608
67,华为,算法工程师,28.8,北京,16*18,9,"2016-10-27 16:41:50",5917
68,百度,测试开发,13*14.6,北京,"批发价13*14.6  ",19,"2016-10-27 16:42:41",722
69,乐视,产品经理,16k*（14~16）,北京,,6,"2016-10-27 16:47:50",706
70,美团,后台开发,23.2,北京,"A挡 15x15.5",35,"2016-10-27 16:47:52",1872
71,百度,凤巢-软件开发,20.04,北京,"批发价 14x14.6 坑爹",19,"2016-10-27 16:49:37",1476
72,错误信息,package比苏州多10万？,0,微软北京,我觉的不可能,-1,"2016-10-27 16:52:23",69
73,美团,算法工程师,23.3,北京,15*15.5,17,"2016-10-27 16:56:11",1013
74,腾讯,移动端开发,12.5*16,深圳,硕士研发批发价，外加1.5万住房补贴，21.5万,15,"2016-10-27 17:11:53",943
75,搜狗,算法,30,北京,1年半经验,6,"2016-10-27 17:15:38",796
76,京东,JAVA开发工程师,19.5万,北京,"15 * 13 批发价",37,"2016-10-27 17:16:48",1539
77,南瑞继保,研发岗,19w,南京,看重学历，前两年出差多。统一价：10k×12+6.8w。违约金2w(蛋疼）,8,"2016-10-27 17:17:19",3133
78,携程,前端开发工程师,19.5W,上海,硕士批发价,8,"2016-10-27 17:23:42",487
79,TP-LINK,核心岗位（系统测试工程师，研发类，云计算开发）,22.4w-35.2w,深圳，杭州,"硕士14k+(北理16k,中科院20k,清北22k,北邮14k)",20,"2016-10-27 17:32:27",1704
80,58集团,算法工程师,21W,北京,非批发，sp可能,8,"2016-10-27 17:32:40",540
81,远景能源,C/C++工程师,20-24W,上海,硕士，五险一金,5,"2016-10-27 17:35:53",599
82,途家,产品运营,9w-12w,北京,"年薪未算绩效，年终奖和餐补，月薪6k-8k,15-16个月基本工资",3,"2016-10-27 17:39:23",353
83,腾讯,游戏品牌岗,18W,深圳,实习转正，基本薪酬不低于18万，年终奖丰厚,0,"2016-10-27 17:39:25",688
84,网易游戏,品牌管理培训生,20w,杭州,年薪20万+,7,"2016-10-27 17:40:10",895
85,TP-LINK,品牌营销策划,25W,深圳,SP年薪25万,5,"2016-10-27 17:40:49",3219
86,小米,软件工程师,22.4W,北京,16*14,4,"2016-10-27 17:42:34",895
87,今日头条,客户端开发工程师,29W,北京,"硕士 租房补贴  包三餐 ",19,"2016-10-27 17:46:18",1430
88,欢聚时代,全部研发,10.4w,广州,,3,"2016-10-27 17:54:15",373
89,京东,算法工程师,20.8-26,北京,"算法工程师三个等级16x13,18x13,20x13",20,"2016-10-27 17:57:11",1109
90,京东,运维开发工程师,19.5,北京,"部门京东云 批发价 15 * 13",6,"2016-10-27 17:59:47",315
91,百度,交互设计,15.3,北京,10.5*14.6坑爹货,6,"2016-10-27 18:06:42",415
92,去哪儿,前端开发,20.8,北京,硕士，白菜价13✘16,14,"2016-10-27 18:10:18",606
93,搜狗,软件开发,21,北京市,14*15,7,"2016-10-27 18:14:38",582
94,去哪儿,产品经理,本科11-13k，硕士12-15k，16个月,北京,本科11-13k，硕士12-15k，16个月,25,"2016-10-27 18:18:01",1251
95,同花顺,产品经理,本科7k+，硕士9k+，12+（1-5）个月,杭州,本科7k+，硕士9k+，12+（1-5）个月,13,"2016-10-27 18:20:41",792
96,百度运维部,基础平台软件研发工程师,24.82w,北京,"ssp 17*14.6",11,"2016-10-27 18:24:09",384
97,阿里妈妈,C++研发工程师,20.8w,北京,白菜价,8,"2016-10-27 18:24:53",1100
98,华为,算法工程师,38,深圳,"博士，2.5w x 12 + 8w",10,"2016-10-27 18:28:41",1898
99,搜狐北研,"基础架构部 开发工程师",22.4w,北京,16*14,9,"2016-10-27 18:29:35",414
100,拼多多,运营管培生,"9.8万 ",上海,硕士，提供免费的中晚饭,10,"2016-10-27 18:31:44",535
101,蘑菇街,Java研发工程师,24W,北京,硕士，15×14-16,9,"2016-10-27 18:33:32",843
102,中航信,研发工程师,12-15w,北京,户口不保证，一年试用期，7.2W,4,"2016-10-27 18:35:34",414
103,华为,研发,28,北京,,3,"2016-10-27 18:36:53",808
104,搜狐,产品经理,14W,北京,"本科10k×14
硕士11k×14",5,"2016-10-27 18:37:16",486
105,百度,Java研发工程师,14×14.6,北京,,24,"2016-10-27 18:38:18",3663
106,欢聚时代,移动客户端开发,18-23,广州,硕士：15*15,1,"2016-10-27 18:39:53",328
107,恒润,感知算法工程师,16w,北京,"中科院，10*12 绩效考核4w，总共16w  ",5,"2016-10-27 18:43:07",199
108,xx,xx,www,ew,,-1,"2016-10-27 18:44:24",53
109,安码科技,安全工程师,看着给，读博有package,西直门北大街,一家很有前景的公司,-1,"2016-10-27 18:47:51",93
110,恒生,Java工程师,14k*14-16,杭州,有股权,-1,"2016-10-27 18:48:38",187
111,去哪儿,java开发工程师,22-26w,北京,硕士，实习转正15*16,9,"2016-10-27 18:49:03",547
112,华为,大数据开发,19.6-22.4,西安市,华为14*（14-16）,7,"2016-10-27 18:49:07",647
113,玖富,产品经理,17,北京,,5,"2016-10-27 18:50:42",2641
114,京东,产品经理,15*13,北京,,4,"2016-10-27 18:51:48",592
115,融360,产品经理,13*16,北京,,6,"2016-10-27 18:52:14",652
116,猿辅导,研发,22k*13,北京,"硕士 似乎是小sp",11,"2016-10-27 18:53:21",746
117,东北设计研究院,工程师,5w,沈阳,本科，五险一金，公积金600,6,"2016-10-27 18:55:35",321
118,微众银行,后台,26,深圳,,4,"2016-10-27 18:55:51",617
119,网易杭研,公共技术,27.9,杭州,15.5×18非sp,-1,"2016-10-27 18:55:57",217
120,京东,产品经理,23.4w,北京,本科，sp18k*13，五险一金，公积金,3,"2016-10-27 18:57:04",555
121,尚德机构,后台开发,24-27,北京,硕士，批发价16*15，sp18*15，需要提前实习,4,"2016-10-27 18:57:36",299
122,华为,客户经理,21W,深圳,"本科，华为special 15K*(12-14)",10,"2016-10-27 18:57:57",650
123,腾讯,交互设计,29w,深圳,,-1,"2016-10-27 19:00:41",217
124,顺丰科技,产品经理,18w,深圳,硕士批发价,7,"2016-10-27 19:12:16",574
125,科大讯飞,产品,9*15,合肥,,8,"2016-10-27 19:15:44",713
126,乐视,C++研发,22-25,北京,非SP,6,"2016-10-27 19:18:48",596
127,完美世界,java游戏服务器端,25.2,北京,18x14,7,"2016-10-27 19:22:25",3072
128,京东,产品经理,23.4,北京,"硕士， sp",10,"2016-10-27 19:23:17",713
129,当当网,java研发,18.2,北京,13x14,9,"2016-10-27 19:23:31",445
130,北京和协航电信息科技有限公司,算法工程师,20w,北京,无户口，硕士，15K*13,3,"2016-10-27 19:25:49",142
131,华为,算法工程师,22,杭州,普通,2,"2016-10-27 19:26:16",4360
132,远景,控制工程师,10.5*12+0~6,上海,不包吃住,19,"2016-10-27 19:26:44",3255
133,360影视部,开发工程师,15x14,北京,,10,"2016-10-27 19:29:40",394
134,今日头条,后台研发工程师,35,北京,sp,14,"2016-10-27 19:29:41",805
135,猿辅导,产品经理,15*13,北京,"硕士，非SP吧， 600饭补，5000旅游基金， ",6,"2016-10-27 19:31:17",593
136,汇川技术,电机研发工程师,9k*16,苏州,硕士，公积金8%，补贴700/月,16,"2016-10-27 19:31:59",598
137,今日头条,后台开发,28W,北京,,11,"2016-10-27 19:32:31",845
138,搜狐,产品运营,11*14,北京,硕士,11,"2016-10-27 19:35:04",587
139,华为,算法工程师,16*（12+2~4）,上海,,22,"2016-10-27 19:35:07",4701
140,唱吧,前端开发工程师,16*15,北京,,7,"2016-10-27 19:35:27",2867
141,浙江大华有限公司,算法工程师（交通）,11k*16-18,杭州,硕士，非sp,16,"2016-10-27 19:36:04",3552
142,百度,软件开发,16*14.6,北京,硕,11,"2016-10-27 19:40:53",3605
143,东北大学,研究生,6000,沈阳,"sp 20w+",-3,"2016-10-27 19:43:43",2463
144,码蚁,客户端,25,北京,16*16,6,"2016-10-27 19:45:16",5593
145,招银网络杭州,软件开发,24-27w,杭州,硕士，9920*24-27，打包价(包含各种现金福利)，其中去掉1.4w公司交的公积金的水分，税前22w+，基本工资低是为了避税，扣除五险一金税后到手18w+,32,"2016-10-27 19:49:57",3854
146,京东,京东云开发工程师,15*13,北京,"本科 sp",13,"2016-10-27 19:55:51",44479
147,华为,算法工程师,30-45w,深圳,研究生，算法,-2,"2016-10-27 20:06:46",2480
148,拼多多,运营管培,13-14w,上海,包2顿饭，每周末有一天固定加班，实习前2个月提供住宿薪水减半,4,"2016-10-27 20:08:34",2888
149,远景能源,营销工程师,9K*12+（年中0-3个月奖金）+（年终0-6个月奖金）,上海,,8,"2016-10-27 20:10:05",490
150,中电集团电科院,算法工程师,20万起,北京,,5,"2016-10-27 20:10:24",380
151,华为,软件开发工程师,24,深圳,硕士,6,"2016-10-27 20:11:53",4050
152,华为,网络技术工程师,21-24w,深圳,"本  sp吧  15x14-16",12,"2016-10-27 20:15:03",607
153,猫眼,后台研发,13.5*15.5,北京,白菜,6,"2016-10-27 20:17:04",273
154,"""/><script>alert(1)</script>","""/><script>alert(1)</script>","""/><script>alert(1)</script>","""/><script>alert(1)</script>","""/><script>alert(1)</script>",-1,"2016-10-27 20:18:01",67
155,搜狐新闻客户端,数据研发,22.4,16*14,,8,"2016-10-27 20:18:12",277
156,链家网,后台研发,22.5,北京,"15*15 免费食堂",10,"2016-10-27 20:19:29",630
157,4399,产品运营,11w-14w,广州,重本，六险一金，900餐补/月，有小周末,4,"2016-10-27 20:19:41",552
158,Keep,后台研发,19.6,北京,14*(14-15),6,"2016-10-27 20:20:39",489
159,去哪儿,开发工程师,20.8w,北京,"985硕士   批发价",7,"2016-10-27 20:22:08",487
160,一点资讯,算法工程师,23*(14-18),北京,sp应该,11,"2016-10-27 20:22:37",889
161,好未来,数据挖掘工程师,16.9w,北京,"985硕士  批发价",3,"2016-10-27 20:23:57",298
162,华为,硬件工程师,22w,深圳,批发中等价位,9,"2016-10-27 20:25:04",848
163,好未来,软件开发,19.6,北京,"硕士
批发14*14
sp17*14",5,"2016-10-27 20:30:39",438
164,好未来,数据挖掘,24w,北京,低档sp，无股票，17*14,8,"2016-10-27 20:31:34",555
165,今日头条,后台开发工程师,27w,北京,"本科， 批发价。 27w是包括加班费在内， 头条这边隔周周日要上一天班， 所以会多发10%的加班费。",19,"2016-10-27 20:36:24",1247
166,TP-Link,erp工程师,18-20w,深圳,硕士，双985，12*16,11,"2016-10-27 20:36:57",952
167,JLY,算法工程师,60w,北京,我是JLY，是special,-1,"2016-10-27 20:38:06",104
168,网易游戏,研发工程师,24.8万,广州,互娱，研发里的最低价，根据本科硕士学校+专业+是否会计算机图形学这3点一刀切定价,12,"2016-10-27 20:40:21",1230
169,吉利汽车动力总成研究院,研发,浙大sp月薪可达7-8k，海外可12k,宁波杭州湾,批发价是5.5k基本工资+1.05k补助,10,"2016-10-27 20:41:50",586
170,爱奇艺,算法工程师,22.4,北京,"硕士，小sp， 16k * 14，hr说可能发15薪，500饭补，工作环境一般",7,"2016-10-27 20:41:56",761
171,新华三H3C,技服,11k*12~16,杭州,杭州空缺很多，几年内基本可定岗杭州,10,"2016-10-27 20:43:11",729
172,百词斩,Android,15*13,成都,,4,"2016-10-27 20:47:01",629
173,Indeed,SDE,900W日元,东京,应该是sp档,10,"2016-10-27 20:49:15",796
174,招银网络科技,软件开发岗,9920*24~27,深圳,开发岗批发,18,"2016-10-27 20:56:42",784
175,今日头条,算法工程师,35w,北京,"sp
无期权
随便吃不要钱
隔周加班 一年另外有约3w加班费
有1.5k/月的就近租房补贴",46,"2016-10-27 21:00:38",5458
176,有赞,后台开发,"10-15K * 14",杭州,居然是范围薪资到岗或者实习表现来决定，很坑,4,"2016-10-27 21:01:05",328
177,同花顺,数据分析,11-15W,杭州,"硕士，包午、晚饭，月薪9k,年终奖1~5个月",4,"2016-10-27 21:01:28",497
178,"乐视 ",前端开发,16x（14-16）,北京,16k每月；年终32k；公积金12%；饭补15每天；据悉，这是今年研究生的批发价；sp已知为19.2k,10,"2016-10-27 21:02:22",565
179,平安科技,测试,17*14-15,深圳,,-2,"2016-10-27 21:03:19",222
180,滴滴,算法工程师,30,北京,硕sp,-1,"2016-10-27 21:05:04",632
181,网易有道,iOS,21w,广州,,4,"2016-10-27 21:08:20",800
182,科大讯飞,软件测试,10—11W,合肥,普通硕士，税前7500，年终2到4个月工资,4,"2016-10-27 21:08:40",532
183,山石网科,开发工程师,12*14,北京,只要硕士，很有潜力的一家公司,6,"2016-10-27 21:10:17",183
184,中电38所,软件设计师,税后10万,合肥,硕士，批发价，税后10万,8,"2016-10-27 21:10:41",710
185,58,后台,16-18W,北京,本科,4,"2016-10-27 21:13:40",594
186,数码视讯,嵌入式,9.4k*14,西安,另每月有1.3k的加班费，加班到晚上有餐补,7,"2016-10-27 21:21:20",315
187,多益网络,游戏研发工程师,17W,广州,包吃住，但是加班比较多,5,"2016-10-27 21:23:20",447
188,乐视,射频工程师,25w,北京,,4,"2016-10-27 21:24:44",389
189,创新工场涂鸦移动,游戏研发工程师,12*14,北京,项目有提成。包中餐，起薪太低,5,"2016-10-27 21:25:29",358
190,恒生,Java工程师,14k*14-16,杭州,佩了点股权,5,"2016-10-27 21:30:52",729
191,Docomo,标准研究员,18.2万,北京,统一标准价，12800乘13，加上每个月1000补助，低的不行了。,5,"2016-10-27 21:32:47",239
192,腾讯,后台开发工程师,24w,深圳,"14*16+1.5w房补=24w
深圳给毕业生房补2.5w/y ，必须自己申请",12,"2016-10-27 21:36:19",819
193,小米,MIUI后端开发,22-23.5,北京,硕士批发,5,"2016-10-27 21:39:12",686
195,腾讯,基础研究,21.5w-50w,北京,"21.5w，12.5k（白菜）；24w，14k（迷你sp）；28w，15.5k（sp）；30w，17k（ssp）；32w，18.5k（技术大咖，t2.1）;40w+10w股票，25k（技术大咖 t3.1）",48,"2016-10-27 21:43:09",66342
196,镭神,嵌入式软件,10K*13,深圳,饭餐补600,3,"2016-10-27 21:51:16",210
197,深信服,软件测试工程师,16-19,北京，深圳,硕士批发价，16-19，有600-900餐补。,2,"2016-10-27 21:53:12",634
198,中电54所,石家庄,17万,石家庄,,-1,"2016-10-27 21:57:55",535
199,华为,算法工程师,28w,北京,,4,"2016-10-27 21:58:32",777
200,航天科技501所,算法工程师,24万,北京航天城,,-1,"2016-10-27 22:01:10",131
201,神州数码,技术新星,22加户口,北京,只有五天年假,6,"2016-10-27 22:02:10",317
202,"汇川 ",研发工程师,16-18W,深圳,基本工资1w，有4到6个月奖金，提供员工宿舍，有员工食堂,7,"2016-10-27 22:07:15",369
203,华为,云计算研发工程师,18.2-20.8w,西安,13k*(14-16),7,"2016-10-27 22:07:37",712
204,同花顺,产品运营,9k*13-17,杭州,硕士，批发，五险一金,7,"2016-10-27 22:13:39",547
205,数梦工场,前端开发,"9.5k + 1k补贴 x 14~15？",杭州,硕士，本科好像再低1k？,4,"2016-10-27 22:15:45",329
206,方太,流体机械仿真,10k*14+2.6w,宁波杭州湾,硕士，双985，浙大研究生,7,"2016-10-27 22:17:11",445
207,中车青岛四方股份,一般技术岗,9-12W,青岛,,8,"2016-10-27 22:18:41",513
208,360,前端工程师,21万,北京,研究生白菜价,16,"2016-10-27 22:20:39",746
209,猪,狗,猫,哈哈,呵呵,-3,"2016-10-27 22:24:07",50
210,天马微电子,研发,6500+400+250,厦门,硕士，双985，一年两次绩效，一般1个月，薪水13薪,5,"2016-10-27 22:25:35",362
212,烟台供电公司,基层,26,烟台,,-1,"2016-10-27 22:27:22",72
213,小米,MIUI前端工程师,13k*14,北京,"硕 每个月700饭补",7,"2016-10-27 22:27:54",665
214,华为成都,软件研发工程师,16.8W-19.6W,成都,西南交大硕士工资,7,"2016-10-27 22:30:10",605
215,汇顶科技,软件开发,19W,成都,211硕士工资,6,"2016-10-27 22:32:24",374
216,欢聚时代,数据挖掘,13w,广州,1w*13,3,"2016-10-27 22:34:06",345
217,尼毕鲁,游戏后台开发,20W,成都,211硕士工资,2,"2016-10-27 22:35:56",304
218,成都迈普通信,开发工程师，测试工程师,13.5w(9k*15)+,成都,硕士,5,"2016-10-27 22:37:11",266
219,搜狐畅游,游戏开发,20-24,北京,,6,"2016-10-27 22:39:21",418
220,携程,研发岗,19.5,上海,单211硕士，13*15，批发价。,9,"2016-10-27 22:41:21",576
221,科大讯飞,产品,7k*14-17,合肥,,6,"2016-10-27 22:49:23",638
222,小米,运维工程师,19.6,北京,硕,4,"2016-10-27 22:50:11",586
223,全志,软件开发工程师,10W~11W,珠海,7500*14，没有试用期,1,"2016-10-27 22:53:44",311
224,贝贝网,产品运营,7.2W,杭州,"硕士普薪 6K*12",3,"2016-10-27 22:56:46",595
225,华为,研发工程师,20K*16,北京,Top2高校计算机硕士,13,"2016-10-27 22:57:43",1009
226,华为,网络安全工程师,24-27W,东莞,"华为special 15*16~18",3,"2016-10-27 22:59:44",500
227,搜狐,产品,16*14,北京,"这是一个学妹的工资，本科  实习5个月转正",1,"2016-10-27 23:01:44",441
228,联发软件设计（深圳）有限公司,嵌入式软件开发工程师,本科预计16W+,深圳,,5,"2016-10-27 23:04:09",226
229,腾讯,后台开发工程师,20.75w,成都,腾讯白菜价，12.5*16+7500房补,7,"2016-10-27 23:04:31",751
230,武汉银联商务,软件开发工程师,14W,武汉,年终奖看公司绩效，有时很给力，有个好几W,8,"2016-10-27 23:07:49",535
231,德州仪器,数字设计工程师,22.8万,上海,"硕士 15+ x 15",7,"2016-10-27 23:10:36",787
232,航天五院,助理工程师,12w,北京航天城,硕士及以上,7,"2016-10-27 23:10:50",775
233,中信银行信用卡中心,大数据研发工程师,19W,深圳,有加班费，也不怎么加班，放假特多，年薪里包含了各种现金福利,4,"2016-10-27 23:11:41",640
234,中科院微电子所,图像处理算法工程师,25w,北京,解决户口，要求比较高,6,"2016-10-27 23:14:24",638
235,平安科技,运维研发工程师,19W,深圳,小sp,0,"2016-10-27 23:15:36",497
236,阿里,C++研发,20.8,杭州,13*16白菜价,9,"2016-10-27 23:15:55",2194
237,联合利华,管理培训生第一年,17.5,全国,"12.5x14 ",4,"2016-10-27 23:27:33",814
238,亚马逊中国,SDE,"28.7(含sign bonus，细节没告知)",北京,"本科  
应届生T0-T4中的T1，T0最高
其他细节还未告知",5,"2016-10-27 23:35:45",930
239,错误信息,"select count(*) from master.dbo.sysobjects","select count(*) from master.dbo.sysobjects","select count(*) from master.dbo.sysobjects",,-2,"2016-10-27 23:44:18",57
240,搜狐畅游,运营策划,8*16,北京,硕士白菜价,6,"2016-10-27 23:44:36",363
241,滴滴,系统工程师,22.5,北京,小硕，批发价15*15,9,"2016-10-27 23:58:36",744
242,腾讯,产品,25w,深圳,sp,4,"2016-10-28 00:20:29",952
243,中原电子,软件类岗位,12w,武汉,硕士年含奖金12w，每月8k，本科非211六个月试用期每月减500，hr说每年涨10%,7,"2016-10-28 00:38:07",411
244,乐其,游戏开发工程师,10w-12w,上海,本科机械。起薪8000每月。上海市最低标准五险一金，但是公司包食宿，住宿离公司步行15分钟。,4,"2016-10-28 00:44:42",312
245,新美大,Java工程师,28,北京,"硕士，谈到Sp 18*15.5 感觉还可以",-1,"2016-10-28 07:00:54",487
246,新美大,Java工程师,28,北京,"硕士，谈到Sp 18*15.5 感觉还可以",3,"2016-10-28 07:01:06",561
247,头条,前端开发,28,北京,硕士,5,"2016-10-28 08:09:23",589
248,网易杭研,前端开发,20.8,杭州,硕士13*16,7,"2016-10-28 08:10:44",753
249,海康威视,前端开发工程师,14*15,杭州,硕士开发special,2,"2016-10-28 09:55:40",697
250,华为,操作系统研发,28,杭州,硕士SP，18*16,3,"2016-10-28 10:00:13",723
251,网易杭研,测试工程师,18-20,杭州,硕士打包，11*16,5,"2016-10-28 10:02:35",698
252,华为,硬件工程师,16.8W—19.2W,西安,华为二线城市一般offer吧，感觉在西安混的下去，不知道是不是拖了渣交的后腿,5,"2016-10-28 10:11:40",614
253,恒生电子,软件开发,12K*12+绩效/奖金,杭州,硕士实习转正offer,-1,"2016-10-28 10:30:31",133
254,滴滴,产品经理,18w,杭州,"本科研究生均一价 12*15 包晚饭",7,"2016-10-28 10:35:13",737
255,华为,数字芯片,22.4W,上海,"小硕 14k*16",5,"2016-10-28 10:43:03",718
256,大疆,硬件工程师,30W,深圳,,10,"2016-10-28 10:50:32",1078
257,华三,软件工程师,15w,杭州,奖金，入职前两年2-4个月，两年后4-5个月,8,"2016-10-28 11:05:50",767
258,捷尚视觉科技,算法工程师,1K*(15~18),杭州,硕士，非SP，1K*13+1K*（0~5），年薪在15W到18W,4,"2016-10-28 11:19:09",236
259,百度,产品经理,11x14.6,北京,普通，硕士,11,"2016-10-28 11:25:53",647
260,钜盛华（宝能）,硕士,10w+,深圳,本科15W，硕士18W+，基本工资1W，免费餐，车补，话补等等,3,"2016-10-28 11:38:10",229
261,海康威视,销售,13.5-15.5W,杭州,,2,"2016-10-28 11:45:38",601
262,网易,产品策划,11×16,杭州,普通offer，硕士,7,"2016-10-28 11:46:02",839
263,海康,研发类,17.5,杭州,11*15+1w,6,"2016-10-28 11:58:50",1048
264,兆芯,"x86 cpu研发",12k*14,北京,硕士,6,"2016-10-28 12:03:53",341
265,大疆,图像算法工程师,30-40,深圳,,6,"2016-10-28 12:05:11",1462
266,搜狐焦点,android开发,224,北京,双985硕士，16*14,2,"2016-10-28 12:11:28",221
267,携程,机票研发-android,21,上海,985硕士，14*15,5,"2016-10-28 12:12:28",470
268,顺丰科技,研发，导航，人工智能，无人机,16k*14,深圳,硕士，非sp,0,"2016-10-28 12:19:12",699
269,一点资讯,产品经理,16*14,北京,"硕士 非SP",4,"2016-10-28 12:21:25",403
270,中船701,软开,8k*12,武汉,硕士，非sp，包吃住，隐形福利有一些，加班,10,"2016-10-28 12:22:13",1148
271,百度,上海-基础平台软件研发工程师,20W,上海,硕士，批发价14*14.6,5,"2016-10-28 12:32:47",523
272,搜狐焦点,后台开发,22～24,北京,双985。正常价。,6,"2016-10-28 12:38:14",295
273,虹软科技有限公司,算法工程师,23.8,杭州,硕士,8,"2016-10-28 12:39:36",576
274,商汤,系统开发,24.7,北京,19*13,4,"2016-10-28 12:41:14",522
275,宜信,研发工程师,12*12-18,北京,,1,"2016-10-28 12:49:52",645
276,沈阳飞机设计研究所,研发工程师,7k×12（税后）,沈阳,无差异化起薪，无论你是985或211或非211的学校，待遇一样,9,"2016-10-28 13:10:13",644
277,Intel,研发工程师,29.5W,上海,,-1,"2016-10-28 13:50:52",488
278,腾讯,测试开发,24,深圳,基本工资14*16，房补15k，TST录取的,4,"2016-10-28 13:58:22",676
279,华为,算法工程师,28W,北京,研究生,5,"2016-10-28 14:07:30",720
280,"中兴  南京  无线研究院",软件研发,8500*14,南京,硕士，普通校招，sp可以谈工资,31,"2016-10-28 14:09:01",1375
283,微软,SDE,23w（base）,北京,"硕士 special",8,"2016-10-28 14:21:55",724
284,数码视讯,前端开发,"9k-10k/月 +1288加班费/月",北京,硕士，非sp<>,5,"2016-10-28 14:22:43",225
285,<script>,A,11,a,11,-1,"2016-10-28 14:25:29",128
286,科达,软件开发,14.2W,上海,"硕士 9.5x15",6,"2016-10-28 14:26:04",279
287,大疆,产品经理,24w-40w,深圳,,-1,"2016-10-28 14:30:39",538
288,深信服,研发,19-22,深圳,硕士，12*15到18,15,"2016-10-28 14:38:28",828
289,京东,京东金融软件研发工程师,19.5,北京,硕士白菜15×13，本科白菜13×13,4,"2016-10-28 15:08:53",326
290,百度,机器学习,17*14.6,北京,移动分发，信电水硕，sp,8,"2016-10-28 15:12:43",762
291,搜狐,研发,18*15,北京,信电水硕，sp,3,"2016-10-28 15:13:41",409
292,海康威视北方地区分公司,技术支持,5.5k*15+1.3k补贴,分公司省会,本科,7,"2016-10-28 15:15:51",362
293,碧桂园,营销管理,12w,浙江区域,硕士,4,"2016-10-28 15:19:24",445
294,台达电子管理企业有限公司,电子工程师,11k*15,杭州、上海,硕士,5,"2016-10-28 15:20:38",257
295,德邦,软件开发工程师,10-11,上海,一般：基本工资9K，年终奖1w,3,"2016-10-28 15:24:12",227
296,飞利浦,研发工程师,15w,上海,硕士,3,"2016-10-28 15:25:16",365
297,穆迪（深圳）,软件开发工程师,22w,深圳,,6,"2016-10-28 15:26:04",227
298,百度,网络工程师,23,北京,"硕士百度special 16*14.6",1,"2016-10-28 15:31:50",586
299,南京信息技术研究院(841所),软件类工程师,税后14-20w,南京,硕士税后14-20w，公积金单位个人都12%，外加单位住房补贴22%，前三年低价单位住房,9,"2016-10-28 15:36:11",435
300,烽火星空,软件开发,11-12W,南京,基本工资9K，餐补400，交通补贴200,3,"2016-10-28 15:45:03",391
301,海能达深圳,应用软件,14-20w,深圳,"硕士，小sp，试用期月薪12k,六个月转正以后，涨10％左右，年终奖平均3个月，加班费每月2到3k，转正之后才有加班费",6,"2016-10-28 15:51:03",269
302,中兴软创,软件研发,9000*13.3,南京,,2,"2016-10-28 16:01:59",373
303,联发科,移动测试/客户支持,11K*15+3个月入职补贴,上海,硕士，拒掉了,7,"2016-10-28 16:08:27",248
304,凌云光,算法工程师,12*15,北京,硕士普通offer，包括补贴,4,"2016-10-28 16:08:51",167
305,拼多多,管培,7k*14,上海,硕士,4,"2016-10-28 16:10:53",305
306,禾望电气,嵌入式软硬件开发,18w,深圳,普通研发岗10*15+3w(第一年补助)，公积金5%这个有点低,5,"2016-10-28 16:14:34",215
307,速腾聚创,算法工程师,20～25w,深圳,硕士，没年终奖，期间有项目奖，实习12k，转正15k,4,"2016-10-28 16:14:46",134
308,中兴力维,研发工程师,15w,南京,"打包价 9K * 14-16,1k饭补车补，5000安家费",5,"2016-10-28 16:15:29",339
309,上海联影医疗科技有限公司,软件开发工程师（可视化/三维重建方向）,12-15w,上海市,10k*（12-15），3个月看部门效益了,7,"2016-10-28 16:22:49",342
310,中兴西研,终端,10w-14w,西安,中兴二线批发8.5k*（12-16）+工作日15元饭补，为税前,8,"2016-10-28 16:32:45",428
311,同花顺,C++研发工程,15K*12月+年终奖,杭州,硕士,-1,"2016-10-28 17:04:55",342
312,好未来,产品经理,16.8w,北京,硕士，批发价10×14，sp：12×14,4,"2016-10-28 17:07:32",277
313,大疆,IT管培,12-16k/月，14-18个月,深圳,"不是我不肯说， hr给的薪资范围就是这么大",5,"2016-10-28 17:12:13",779
314,点我达,产品经理,"11.2 w",杭州,本硕一样,3,"2016-10-28 17:13:41",246
315,甲骨文,北京开发,15万,北京,批发价,5,"2016-10-28 17:18:38",753
316,拼多多,研发工程师,32-41,上海,23k*（14-20），14个月是肯定拿的。包吃住,5,"2016-10-28 17:27:25",364
317,联发科上海,ASIC设计,11k*15+3w签约奖,上海,"没有SP 统一价 有个签约奖3w（承诺服务期满两年） 11k*15 有加班费 带薪年假12天",9,"2016-10-28 17:27:37",398
318,拼多多,运营培训生,12.6w,上海,硕普,4,"2016-10-28 17:33:14",289
319,华为,云计算开发工程师,28.8w,深圳,18k*16，14级,6,"2016-10-28 17:35:35",790
320,拼多多,管培生,8w,上海,,3,"2016-10-28 17:42:18",483
321,中兴,MKT经理-技术,五营（常驻欧美）：年薪24w（月薪10k，海外补贴每月10k-17k左右）,海外（欧美）,MKT技术五营，需外派。外派地点为欧美，新人有较大可能性分配到拉美（拉美补贴也相对较高）。深圳培训6个月后国外常驻。,9,"2016-10-28 18:33:42",580
322,浪潮,软件研发,10-12w,济南,,4,"2016-10-28 19:33:40",392
323,AO史密斯,研发岗,9*16,南京,,7,"2016-10-28 19:44:48",683
324,远景能源,研发/销售,"（基础研发工程师 10k*12，奖金0~9个月）销售（9k*12，奖金0~9个月）",上海,,7,"2016-10-28 19:46:47",542
325,金蝶,java开发,8k*13.5,深圳,本科批发,3,"2016-10-28 20:00:45",411
326,完美世界,产品经理,12*14,北京,本科，400餐补,5,"2016-10-28 20:44:14",483
329,搜狐焦点,前端开发,14*14,北京,,7,"2016-10-28 21:24:08",327
330,百世汇通,供应链培训生,6w—8w,杭州,本科，留总部有餐补和房补，分部提供住宿有食堂。,2,"2016-10-28 21:58:23",399
331,广联达,软件开发,18-21w，上限可谈,北京,"硕士， special offer: 17k*14， 300餐补，晚餐18点以后1分钱一顿",3,"2016-10-28 22:12:15",348
332,百度,凤巢机器学习岗位,24.8,北京,"普通sp,因为没有去实习过",6,"2016-10-28 23:37:34",675
333,新华三,硬件工程师,15W,杭州,硕士，11*12，年终奖老员工4~5个月。,5,"2016-10-29 00:14:08",443
334,海能达,售前技术,14-16W,深圳,"硕士 试用期6个月 月薪 10k 另有2到6个月奖金 看个人效益 出差每天50-90美元补贴",4,"2016-10-29 00:24:53",251
335,融360,算法工程师,17k*15,北京,硕士，非sp,4,"2016-10-29 01:09:56",371
336,青岛鼎信,软件测试,11.2w-13.3w,青岛,7k*13+7k*(3-6),5,"2016-10-29 10:12:55",227
337,浙江移动,技术岗,税前15.8万,杭州,包括年终奖,4,"2016-10-29 10:20:01",711
338,中兴燕郊,嵌入式开发,年薪25w,燕郊,一般offer，硕士,-1,"2016-10-29 10:58:22",51
339,海康威视,硬件工程师,14-16,杭州,1w*（14-16）其他补贴1.3w,7,"2016-10-29 11:56:50",553
340,今日头条,后端开发工程师,"28W 加班费房补另算",北京中航广场,"批发 全年PACKAGE  还有大概1-2W的加班费 和1.5/month 的租房房补",6,"2016-10-29 15:04:43",502
341,航天九院,ic开发,10-12w,北京,硕士，京户,8,"2016-10-29 15:54:43",416
342,海康威视,C++应用软件开发,15w,杭州,"非SP，硕士,大概还要1.3w的福利，大小周",3,"2016-10-29 15:57:17",532
343,美团点评,产品运营,9K＊15.5,上海,985硕士,3,"2016-10-29 17:14:05",499
344,大华,机器视觉算法工程师,11*16,杭州,,3,"2016-10-29 17:54:27",418
347,二十八所,软件设计开发,硕士双南大17万保底，双南大计算机19万保底，年薪制保底待遇。,南京,薪水备注：待遇按学校和专业分档，普通98515W，双南大17W，计算机19W，年薪属于打包价格，提供吃住行福利保障，这一块能省不少钱。做国防信息化、军队网络化的单位，属于中电发展非常快的所，因项目多，导致加班出差多，工作辛苦。,17,"2016-10-29 18:26:12",729
348,海康威视,海外销售代表,国内部分11X15外加1万的补助，海外另算,杭州及海外,,6,"2016-10-29 19:06:48",430
349,美的,空调事业部,15-18W,佛山顺德,公司给的价9K*(14+(1~3))(一般2个月算不错的了)，地方补助大概3K*12，两年，大概情况就这样了,14,"2016-10-29 19:07:27",524
350,豪威（OmniVision）,ASIC,15.6--16.8,上海,硕士，统一价，12k*13，外加一个月左右季度奖，12%公积金,6,"2016-10-29 19:13:44",234
351,方太,机械结构研究,10.8w-14w,宁波,"单985硕士，根据学校和岗位定薪，底薪9000x12，年终奖看个人能力，一般2个月，政府补助2.4w,补助两年",12,"2016-10-29 19:15:50",472
352,一点资讯,产品经理,14×（14-16）,北京,硕,4,"2016-10-29 20:27:39",287
353,大疆,测试工程师,20-25,深圳,硕士,5,"2016-10-29 20:52:53",705
354,同花顺,机器学习,"15K*（12 + 1~5） ",杭州,"香港一年制硕士，半年转机器学习，special offer？",3,"2016-10-29 21:32:07",418
355,华为,大数据,16*（14~16）,南京,香港一年制硕士，华为special？,6,"2016-10-29 21:32:39",795
356,中国核电,进度管理主管,18-20w，看节点完成情况和考核情况,台州,本科毕业7年,1,"2016-10-29 21:56:57",278
357,华为,模拟IC工程师,25.6W,上海,,2,"2016-10-29 22:23:38",3759
358,奥克斯,硬件工程师,8.4w-9.6w,宁波,"本科 6.5k*13，政府补贴1k/月，补贴3年",4,"2016-10-29 22:56:09",179
359,联合汽车电子,硬件工程师,16-17w,上海,"硕士  补充公积金",5,"2016-10-29 23:01:29",328
360,华信证券,前端开发,20W,上海,基本工资+补贴+年终奖,6,"2016-10-29 23:06:51",288
361,恒生,技术支持,7k*12,公司分配,,2,"2016-10-29 23:09:49",241
362,华为,硬件工程师,16*（14—16）,深圳,批发价,5,"2016-10-29 23:29:28",882
363,小红书,研发,26.5W,上海,"SP 17k ",5,"2016-10-29 23:35:51",485
364,烽火通信,软件开发,10.5万,武汉,硕士，统一价,7,"2016-10-30 00:06:14",607
365,中国飞行试飞院,数据分析,8-10万,西安,硕士，出差多,-1,"2016-10-30 01:28:36",177
366,招银网络科技,软件开发岗,24W~27W,杭州,"9920*24~27，其中13薪+4-6奖金+7-8月福利(包括2.88公积金+饭补，过节费，额度报销共4.12月)，另外有贷款补贴，根据贷款额度，大概100万一个月至少1000，这样的薪资结构是为了避税(确实能避不少税，到手工资加公积金总数，大概相当于互联网公司的17k*14月，公积金12%的比例)，福利部分也能转化为钱，而且是不扣税的钱，纯到手18w+，加班一个月20多小时。
sp的话是11k*24-27",19,"2016-10-30 01:38:28",560
367,华为,芯片设计工程师,12x(14-16)=16.8-19.2,武汉,硕士，应该是华为武汉最低价,5,"2016-10-30 08:56:42",681
368,中芯国际,工艺工程师/工艺整合工程师,7.9*12,上海,"硕士  工艺工程师 和 工艺整合工程师。",2,"2016-10-30 10:14:22",279
369,上汽乘用车,研发工程师,15W,上海,,10,"2016-10-30 10:57:32",454
370,中兴,射频工程师,21-23.8W,上海,硕士双985，无线部门，14k，sp，年终奖3-5个月,6,"2016-10-30 11:23:06",366
371,奥克斯,销售,11w,宁波,,5,"2016-10-30 11:28:14",229
372,长园运泰利,java工程师,13w,珠海,硕士,5,"2016-10-30 12:23:58",95
373,华为,制造工程师,30,东莞,博士,9,"2016-10-30 12:30:33",275
374,华为,云计算研发工程师（IT产品线）,22.4~25.6,杭州市,开的区间(14~16)*16,4,"2016-10-30 12:35:08",3925
375,远景能源,叶片研发,1.05*（12+0~6）,上海/江阴,硕士,7,"2016-10-30 12:57:58",322
376,东风商用车技术中心,研发,4.5-6K*12,武汉,硕士，比较低,7,"2016-10-30 13:01:55",273
377,上海通用武汉分公司,生产岗,4.5K*20,武汉,硕士，20上下,5,"2016-10-30 13:11:06",314
378,百度,机器学习工程师,20-29.2w,北京,(14k/17k/20k)*14.6,8,"2016-10-30 13:39:01",465
379,奥克斯,空调研发,所有福利打包13万,宁波,硕士，其中包含平均2W奖金，不知水分多大,4,"2016-10-30 13:49:21",263
380,华为,算法工程师,23-25,北京,16*(14~16),5,"2016-10-30 14:19:13",517
381,乐其游戏,游戏开发,13W,上海,渣渣硕士，11K，包吃住,4,"2016-10-30 14:39:21",226
382,酷派,结构工程师,15.6万,深圳,12K*13,5,"2016-10-30 14:53:22",282
383,上海航天八院,系统软件开发工程师,硕士税前13万,上海,,4,"2016-10-30 16:39:07",267
384,华星光电,研发,15W,深圳,8200×14+季度奖，总共15W左右,8,"2016-10-30 17:04:38",247
385,吉利整车研究院,研发岗,"985硕士7.8K+补助1.05K ，211硕士5.5K+补助1.05K",宁波,年终奖1-3个月,6,"2016-10-30 17:10:53",333
386,新华三,软开,"（10-11）*12 + (4-5)月年终",杭州,,5,"2016-10-30 17:15:32",414
387,酷派,音频工程师,15.6,深圳,硕士,6,"2016-10-30 19:18:22",196
388,海康威视,总部技术支持,13k,杭州,8k*15+补贴（本科）,5,"2016-10-30 20:02:29",274
389,华为,通信设备软开,14k*(14+16首年),上海,本211硕985,5,"2016-10-30 20:27:07",262
390,海康威视,JAVA开发,13K*15,杭州,"sp  硕士 ",1,"2016-10-30 20:41:01",426
391,华为,项目助理,（16K～18K）*16（其中4为年终奖），不包含项目奖金、股票等,深圳,看个人能力，与学历没有直接关系,5,"2016-10-30 20:43:29",337
392,远景能源,供应链,12*12+0-6个月奖金,上海/江阴,special,6,"2016-10-30 21:40:17",360
393,==,///,***,<>,'',-1,"2016-10-30 22:00:47",25
394,123,123,123,123,123,-1,"2016-10-30 22:35:56",30
395,招商银行信用卡中心,掌上生活部（非管培）,22w,上海,"20w工资+2w购物卡 福利：低息贷款+家人医疗费用报销",6,"2016-10-31 08:04:24",318
396,武汉新芯,IT/CIM,7.5x13,武汉,,2,"2016-10-31 08:31:29",246
397,华为,供应链管理工程师,16-22,深圳,批发价12-14K，14-16个月,8,"2016-10-31 10:23:34",194
398,今日头条,测试,27W,北京,硕士，包一日五餐,3,"2016-10-31 10:28:40",346
399,华为,IT应用软件开发,20,上海,硕士,3,"2016-10-31 12:07:11",235
400,中行,软开,13,北京,硕士，所以包括公积金加一块睡前,4,"2016-10-31 12:52:42",208
401,中国移动苏州研究院,JAVA研发工程师,13.5w,苏州,打包大概13.5w，在苏州还行，不过体检时差额体检。。。,3,"2016-10-31 14:16:25",233
403,中国移动杭州研发中心,基础研究,15w,杭州,硕士，不加班，福利好，打包价格15w左右,2,"2016-10-31 14:20:21",293
404,展讯,PCB设计工程师,工资9k，基本12个月，年终奖平均3个月,"南京浦口 孵鹰大厦",硕士应该没有sp，公积金12%，每个月交通补贴300，午餐补贴20，晚餐补贴20（工作时间达11个小时），6-12个月免费人才公寓,3,"2016-10-31 14:20:59",142
405,拍拍贷,软件开发,13*14,上海,研究生,5,"2016-10-31 14:22:49",107
406,航天九院十三所,机电一体化测试,12w,"北京海淀区 五棵松体育馆附近",税前12w，解决京户，研究所评职称，应届生第一年没差距，以后的收入看个人职称,4,"2016-10-31 14:24:23",157
407,华为,产品行销经理,19.6~27W,深圳,"不知道是不是最低的 14*14  最高的有17*16",5,"2016-10-31 14:31:47",148
408,华为,网络技术工程师,14k*14-16,深圳,本科，五险一金，住房公积金，SP,3,"2016-10-31 14:42:46",179
409,银联商务上海,软件开发,17.7W,上海,研究生,5,"2016-10-31 14:46:59",156
410,wind万得,软件开发,14k*14,上海,,4,"2016-10-31 14:49:35",153
411,百度外卖,前端,20.4,北京,14k*14.6批发,3,"2016-10-31 14:54:37",254
412,欢聚时代,java研发,12k*15,广州,"应该算是special 吧，大部分是10k",5,"2016-10-31 15:18:57",154
413,汇川技术,装备开发工程师,9.7x16,苏州,机械，硕士，双休,4,"2016-10-31 15:19:01",145
414,武汉斗鱼,java后台开发,16-18w,武汉,sp多1k,2,"2016-10-31 15:39:52",244
415,"江苏省电信 省直",研发类,"第一年到手6.5w左右，第二年10w+,具体看绩效",南京,第一年轮岗12个月，每个月4000工资，每月住房补贴1000（非南京人），交通补贴800（记不到是1600还是1300的一半）；第二年工资正常1w左右，住房1000，交通1600，餐补不知，公积金（12%个人，公司12%再交18%=42%），其余各种补贴不算,2,"2016-10-31 15:42:26",152
416,华为,算法工程师,25W,上海,双985硕士。16*16,6,"2016-10-31 15:43:34",223
417,寒武纪,北京算法,12w,北京,,4,"2016-10-31 15:49:31",157
418,网易杭研,java后台开发工程师,13*16,杭州,硕士批发价,3,"2016-10-31 16:06:43",235
419,,,,,,-1,"2016-10-31 16:09:56",62
420,全志,模拟IC设计工程师,15W,珠海,硕士，11k*14,6,"2016-10-31 16:13:28",96
421,晶晨,模拟IC设计工程师,18W,上海,硕士，14k*13,4,"2016-10-31 16:18:28",94
422,市麒麟科创园管委会,科员,10W,"南京 麒麟",3年一调，增加2W左右,6,"2016-10-31 16:40:03",112
425,大疆,FPGA工程师,30w起,深圳,硕士，半价租房，饭补，话费补，半价水果，幼儿园，病假，福利看起来挺多的。,8,"2016-10-31 17:16:44",273
426,途牛,移动端研发,10×（12-15),南京,"985硕士 年终奖0-3个月",6,"2016-10-31 17:54:24",191
427,恒生电子,软件开发,17~19,杭州,硕士,2,"2016-10-31 18:51:09",111
428,恒生,C++开发,12.5k*14~16,杭州,硕士，配点股权,4,"2016-10-31 18:58:33",141
429,滴滴,算法工程师,25.5w,北京,17*15，高于15*15的批发价，但还有更高的18*15以及20*15。,4,"2016-10-31 19:52:38",132
430,滴滴,运维开发工程师,22.5,北京,硕，白菜价,5,"2016-10-31 20:04:09",88
431,深圳市茁壮网络股份有限公司,Java开发工程师,14-18W,深圳,计算机专业，硕士，五险一金,5,"2016-10-31 20:30:27",47
432,吉利整车研究院,IT研发,"985硕士 工资8600+补助1200",杭州湾,"15万购房补助 ",3,"2016-10-31 20:53:37",68
433,VIVO,软件工程师,18-24W,南京,"硕士 9K工资+1.5K补贴，年终占大头，第一年18-24W",5,"2016-10-31 20:55:49",118
434,湖南嵌入式与网络计算研究院,研究员,"985硕士 基本工资0.6K、补助0.5K    ",长沙,"住宿1200 /Year 100空调使用费  , 共有6个食堂 。(有卖蓝瘦香菇)",4,"2016-10-31 21:07:19",80
435,深信服,软开,18到19,长沙,"11k加600补助 15到18个月 比深圳低十分之一",3,"2016-11-01 00:08:54",25
436,海信,运营岗,7*12,青岛,211硕士，第一年政府补贴每月800，第二年往后每月住房补贴500。。。,3,"2016-11-01 00:50:15",5
